/*
SQLyog Ultimate v12.4.3 (64 bit)
MySQL - 5.7.13 : Database - cisn
*********************************************************************
*/

/*!40101 SET NAMES utf8 */;

/*!40101 SET SQL_MODE=''*/;

/*!40014 SET @OLD_UNIQUE_CHECKS=@@UNIQUE_CHECKS, UNIQUE_CHECKS=0 */;
/*!40101 SET @OLD_SQL_MODE=@@SQL_MODE, SQL_MODE='NO_AUTO_VALUE_ON_ZERO' */;
/*!40111 SET @OLD_SQL_NOTES=@@SQL_NOTES, SQL_NOTES=0 */;
/*Table structure for table `cisn_answer` */

CREATE TABLE `cisn_answer` (
  `id` int(11) NOT NULL AUTO_INCREMENT,
  `question_id` int(11) DEFAULT NULL,
  `orders` int(11) DEFAULT NULL,
  `label` varchar(100) COLLATE utf8_bin DEFAULT NULL,
  `val` varchar(3000) COLLATE utf8_bin DEFAULT NULL,
  PRIMARY KEY (`id`)
) ENGINE=InnoDB AUTO_INCREMENT=1739 DEFAULT CHARSET=utf8 COLLATE=utf8_bin;

/*Data for the table `cisn_answer` */

insert  into `cisn_answer`(`id`,`question_id`,`orders`,`label`,`val`) values 
(741,1,1,'A','含硫侧链'),
(742,1,2,'B','两个羧基，一个氨基'),
(743,1,3,'C','一个羧基，两个氨基'),
(744,1,4,'D','含酰氨基'),
(745,1,5,'E','含氢氧基侧链者'),
(746,2,1,'A','散热增强使血液重新分配'),
(747,2,2,'B','消化液分泌减少'),
(748,2,3,'C','胃肠道功能下降'),
(749,2,4,'D','大量出汗使氯化钠丢失增加'),
(750,2,5,'E','内脏血管收缩'),
(751,3,1,'A','食物钙的供给量高于能量供给'),
(752,3,2,'B','食物钙的供给量低于能量供给'),
(753,3,3,'C','食物钙的供给量等于能量供给'),
(754,3,4,'D','食物钙的供给量高于机体所需'),
(755,3,5,'E','食物改的供给量低于机体所需'),
(756,4,1,'A','山梨酸'),
(757,4,2,'B','BHA '),
(758,4,3,'C','碳酸'),
(759,4,4,'D','乳酸'),
(760,4,5,'E','硼砂'),
(761,5,1,'A','低GI食物可有效控制餐后血糖'),
(762,5,2,'B','高GI 食物可明显降低胰岛素水平'),
(763,5,3,'C','GI越高的食物对血糖升高的反应越小'),
(764,5,4,'D','直链淀粉比支链淀粉更容易引起血糖升高'),
(765,5,5,'E','多糖类比单糖类和双糖类更易引起餐后血糖的升高'),
(766,6,1,'A','乳腺癌'),
(767,6,2,'B','口腔癌'),
(768,6,3,'C','前列腺癌'),
(769,6,4,'D','结肠癌'),
(770,6,5,'E','胃癌'),
(771,7,1,'A','蛋白质'),
(772,7,2,'B','热能'),
(773,7,3,'C','维生素'),
(774,7,4,'D','矿物质'),
(776,8,1,'A','锌'),
(777,8,2,'B','铁'),
(778,8,3,'C','叶酸'),
(779,8,4,'D','尼克酸'),
(781,9,1,'A','铜'),
(782,9,2,'B','铁'),
(783,9,3,'C','锌'),
(784,9,4,'D','硒'),
(786,10,1,'A','钙'),
(787,10,2,'B','铁'),
(788,10,3,'C','钾'),
(789,10,4,'D','钠'),
(791,11,1,'A','早餐占40%，中餐占30%，晚餐占30% '),
(792,11,2,'B','早餐占30%，中餐占40%，晚餐占30%'),
(793,11,3,'C','早餐占30%，中餐占30%，晚餐占40%'),
(794,11,4,'D','早餐占40%，中餐占40%，晚餐占20%'),
(795,11,5,'E','早餐占35%，中餐占40%，晚餐占25%'),
(796,12,1,'A','含脂肪丰富的食物'),
(797,12,2,'B','含碳水化合物丰富的食物'),
(798,12,3,'C','含蛋白质丰富的食物'),
(799,12,4,'D','含维生素丰富的膳食'),
(800,12,5,'E','混合性膳食'),
(801,13,1,'A','钙'),
(802,13,2,'B','铁'),
(803,13,3,'C','锌'),
(804,13,4,'D','硒'),
(805,13,5,'E','碘'),
(806,14,1,'A','植酸盐'),
(807,14,2,'B','草酸盐'),
(808,14,3,'C','VitC'),
(809,14,4,'D','胃酸缺乏'),
(810,14,5,'E','膳食纤维'),
(811,15,1,'A','骨质疏松'),
(812,15,2,'B','脚气病'),
(813,15,3,'C','夜盲症'),
(814,15,4,'D','皮炎'),
(815,15,5,'E','口腔生殖综合征'),
(816,16,1,'A','1.2~2.0g'),
(817,16,2,'B','2.2~2.5g '),
(818,16,3,'C','3g'),
(819,16,4,'D','3.5g'),
(821,17,1,'A','铬'),
(822,17,2,'B','硒'),
(823,17,3,'C','锌'),
(824,17,4,'D','维生素'),
(826,18,1,'A','克山病'),
(827,18,2,'B','甲状腺机能亢进'),
(828,18,3,'C','地方性甲状腺肿'),
(829,18,4,'D','甲状腺肿瘤'),
(831,19,1,'A','棉籽油'),
(832,19,2,'B','葵籽油'),
(833,19,3,'C','菜籽油'),
(834,19,4,'D','棕榈油'),
(835,19,5,'E','大豆油'),
(836,20,1,'A','白酒'),
(837,20,2,'B','黄酒'),
(838,20,3,'C','啤酒'),
(839,20,4,'D','葡萄酒'),
(840,20,5,'E','果酒'),
(841,21,1,'A','GLP'),
(842,21,2,'B','GMP'),
(843,21,3,'C','SSOP'),
(844,21,4,'D','HACCP'),
(845,21,5,'E','ISO 9000'),
(846,22,1,'A','沙门菌'),
(847,22,2,'B','矿物质'),
(848,22,3,'C','重金属'),
(849,22,4,'D','水分'),
(850,22,5,'E','真菌毒素'),
(851,23,1,'A','BMI≥30, 28'),
(852,23,2,'B','BMI≥30, 25'),
(853,23,3,'C','BMI≥30, 24'),
(854,23,4,'D','BMI≥28, 25'),
(855,23,5,'E','BMI≥28, 24'),
(856,24,1,'A','酸价'),
(857,24,2,'B','碘值'),
(858,24,3,'C','酯值'),
(859,24,4,'D','量化值'),
(861,25,1,'A','紫外光下，7-脱氢胆固醇可变成为维生素D'),
(862,25,2,'B','植物固醇可抑制胆固醇的被吸收'),
(863,25,3,'C','香菇中含有麦角固醇Ergosterol，经紫外光照射后变成可吸收的维生素D'),
(864,25,4,'D','饱和脂酸/多不饱和脂酸的比例越高，则血胆固醇也越低'),
(866,26,1,'A','马铃薯'),
(867,26,2,'B','梨子'),
(868,26,3,'C','小麦'),
(869,26,4,'D','动物肝脏'),
(871,27,1,'A','苏氨酸'),
(872,27,2,'B','赖氨酸'),
(873,27,3,'C','色氨酸'),
(874,27,4,'D','蛋氨酸'),
(876,28,1,'A','在成人发生骨软化症'),
(877,28,2,'B','在儿童发生癞皮病'),
(878,28,3,'C','在婴幼儿发生佝偻病'),
(879,28,4,'D','在老年人可发生骨质疏松症'),
(881,29,1,'A','缺铁性贫血'),
(882,29,2,'B','缺锌所致生长发育迟缓'),
(883,29,3,'C','缺乏维生素D所致佝偻病'),
(884,29,4,'D','缺钙所致骨质软化症'),
(886,30,1,'A','骨质软化症 '),
(887,30,2,'B','类风湿性关节炎'),
(888,30,3,'C','更年期综合征'),
(889,30,4,'D','骨质疏松症'),
(891,31,1,'A','小虾皮'),
(892,31,2,'B','各种瓜子'),
(893,31,3,'C','奶及奶制品'),
(894,31,4,'D','白菜'),
(896,32,1,'A','能量、蛋白质、钙、铁、锌、叶酸'),
(897,32,2,'B','脂肪、碳水化合物、维生素B2、铜'),
(898,32,3,'C','蛋白质、脂肪、钾、钙来源'),
(899,32,4,'D','必需氨基酸、必需脂肪酸、维生素B12'),
(901,33,1,'A','铁'),
(902,33,2,'B','锌'),
(903,33,3,'C','钙'),
(904,33,4,'D','碘'),
(906,34,1,'A','300～500g'),
(907,34,2,'B','200～300g'),
(908,34,3,'C','100～150g '),
(909,34,4,'D','125～225g'),
(910,34,5,'E','250～400g'),
(911,35,1,'A','高残留性'),
(912,35,2,'B','低效性'),
(913,35,3,'C','高抗药性'),
(914,35,4,'D','高蓄积性'),
(915,35,5,'E','高毒性'),
(916,36,1,'A','减少亚硝酸的摄入'),
(917,36,2,'B','阻断亚硝基化反应'),
(918,36,3,'C','抑制胃内硝酸盐还原菌的活性'),
(919,36,4,'D','增加亚硝酸盐的排出'),
(920,36,5,'E','增加N-亚硝基化合物的生成'),
(921,37,1,'A','化学性食物中毒'),
(922,37,2,'B','动物性食物中毒'),
(923,37,3,'C','细菌性食物中毒'),
(924,37,4,'D','植物性食物中毒'),
(925,37,5,'E','真菌毒素食物中毒'),
(926,38,1,'A','维生素PP'),
(927,38,2,'B','维生素B1'),
(928,38,3,'C','维生素B2 '),
(929,38,4,'D','维生素A'),
(931,39,1,'A','铁'),
(932,39,2,'B','铬'),
(933,39,3,'C','钙'),
(934,39,4,'D','锰'),
(936,40,1,'A','化学性污染'),
(937,40,2,'B','微生物污染'),
(938,40,3,'C','放射性污染'),
(939,40,4,'D','昆虫污染'),
(941,41,1,'A','神经'),
(942,41,2,'B','肝脏'),
(943,41,3,'C','肾脏'),
(944,41,4,'D','膀胱'),
(946,42,1,'A','阿托品'),
(947,42,2,'B','巯基解毒剂'),
(948,42,3,'C','美兰'),
(949,42,4,'D','抗菌素'),
(951,43,1,'A','伤寒'),
(952,43,2,'B','甲型肝炎'),
(953,43,3,'C','肉毒中毒'),
(954,43,4,'D','暴饮暴食性胃肠炎'),
(956,44,1,'A','心脏'),
(957,44,2,'B','肝脏'),
(958,44,3,'C','肺'),
(959,44,4,'D','神经系统'),
(961,45,1,'A','红孩儿症者可能会发现铜缺乏'),
(962,45,2,'B','威森氏病（Wilson`s）是铜缺所造成'),
(963,45,3,'C','铜是由粪便排泄'),
(964,45,4,'D','以上皆不是'),
(966,46,1,'A','胃酸'),
(967,46,2,'B','胰泌素'),
(968,46,3,'C','胆盐'),
(969,46,4,'D','肠液的协助'),
(971,47,1,'A','骨质软化症'),
(972,47,2,'B','干眼病'),
(973,47,3,'C','癞皮病'),
(974,47,4,'D','青光眼'),
(976,48,1,'A','口角炎'),
(977,48,2,'B','眼球症状'),
(978,48,3,'C','神经症状'),
(979,48,4,'D','皮肤症状'),
(981,49,1,'A','在0.46~0.751/kg之间'),
(982,49,2,'B','女多于男'),
(983,49,3,'C','年轻多于年老者'),
(984,49,4,'D','大部分存于非脂肪组织中'),
(986,50,1,'A','95%'),
(987,50,2,'B','85%'),
(988,50,3,'C','70% '),
(989,50,4,'D','80%'),
(991,51,1,'A','食品价格'),
(992,51,2,'B','食品的卫生质量'),
(993,51,3,'C','食品的可食用性'),
(994,51,4,'D','食品的外观质量'),
(996,52,1,'A','铁质'),
(997,52,2,'B','硫'),
(998,52,3,'C','钠'),
(999,52,4,'D','镁'),
(1001,53,1,'A','花生'),
(1002,53,2,'B','韭菜'),
(1003,53,3,'C','猪肾'),
(1004,53,4,'D','猪血'),
(1006,54,1,'A','谷胱甘肽过氧化物酶'),
(1007,54,2,'B','超氧化物歧化酶'),
(1008,54,3,'C','过氧化物酶'),
(1009,54,4,'D','过氧化氢酶'),
(1011,55,1,'A','抑制食品中微生物生长繁殖'),
(1012,55,2,'B','破坏食品中的酶'),
(1013,55,3,'C','降低食品中水分含量'),
(1014,55,4,'D','杀灭食品中大部分细菌'),
(1016,56,1,'A','通过静脉输入全部营养'),
(1017,56,2,'B','胃管内补其不足'),
(1018,56,3,'C','少量口服'),
(1019,56,4,'D','补充要素膳'),
(1020,56,5,'E','添加匀浆液'),
(1021,57,1,'A','禁食豆类'),
(1022,57,2,'B','禁食鱼类'),
(1023,57,3,'C','低蛋白膳食'),
(1024,57,4,'D','低钾膳食'),
(1025,57,5,'E','低钠膳食'),
(1026,58,1,'A','1个月'),
(1027,58,2,'B','2个月'),
(1028,58,3,'C','4个月'),
(1029,58,4,'D','7个月'),
(1031,59,1,'A','称重法'),
(1032,59,2,'B','记账法'),
(1033,59,3,'C','膳食回顾法'),
(1034,59,4,'D','化学分析法'),
(1035,59,5,'E','食物频数法'),
(1036,60,1,'A','十二指肠'),
(1037,60,2,'B','空肠'),
(1038,60,3,'C','回肠'),
(1039,60,4,'D','回肠下段'),
(1041,61,1,'A','抑制胆碱酯酶活性'),
(1042,61,2,'B','肝损伤'),
(1043,61,3,'C','肾损伤 '),
(1044,61,4,'D','血液毒'),
(1046,62,1,'A','奶类'),
(1047,62,2,'B','蔬菜、水果'),
(1048,62,3,'C','酒类'),
(1049,62,4,'D','腌制肉制品'),
(1051,63,1,'A','钴'),
(1052,63,2,'B','铜'),
(1053,63,3,'C','铬'),
(1054,63,4,'D','锌'),
(1056,64,1,'A','钾的摄取量提高可减少纳的需要量'),
(1057,64,2,'B','婴儿钙磷建设摄取量为1.5:1'),
(1058,64,3,'C','过量钙的摄取会与镁竞争'),
(1059,64,4,'D','镁摄取过量也会影响钙的利用'),
(1061,65,1,'A','维生素B1'),
(1062,65,2,'B','维生素B2'),
(1063,65,3,'C','维生素B6'),
(1064,65,4,'D','维生素B12'),
(1066,66,1,'A','维生素E'),
(1067,66,2,'B','维生素C'),
(1068,66,3,'C','维生素B6'),
(1069,66,4,'D','烟碱酸'),
(1071,67,1,'A','粪'),
(1072,67,2,'B','尿'),
(1073,67,3,'C','呼吸'),
(1074,67,4,'D','流汗'),
(1076,68,1,'A','5000以上'),
(1077,68,2,'B','10000以上'),
(1078,68,3,'C','70000以上'),
(1079,68,4,'D','100000以上'),
(1081,69,1,'A','近球端细尿管'),
(1082,69,2,'B','亨利氏环'),
(1083,69,3,'C','远球端细尿管'),
(1084,69,4,'D','以上皆非'),
(1086,70,1,'A','酸性灰饮食'),
(1087,70,2,'B','碱性灰饮食'),
(1088,70,3,'C','中性'),
(1089,70,4,'D','以上皆非'),
(1091,71,1,'A','磷'),
(1092,71,2,'B','硫'),
(1093,71,3,'C','碘'),
(1094,71,4,'D','锌'),
(1096,72,1,'A','乳品'),
(1097,72,2,'B','肉品'),
(1098,72,3,'C','水果'),
(1099,72,4,'D','面类'),
(1101,73,1,'A','称量法'),
(1102,73,2,'B','微量凯氏定氮法'),
(1103,73,3,'C','灰化法'),
(1104,73,4,'D','系数计算法'),
(1106,74,1,'A','陈旧'),
(1107,74,2,'B','近期'),
(1108,74,3,'C','多次重复'),
(1109,74,4,'D','既有陈旧又有近期'),
(1111,75,1,'A','MNL'),
(1112,75,2,'B','ADI'),
(1113,75,3,'C','NOAEL'),
(1114,75,4,'D','MRL'),
(1115,75,5,'E','NOAEL'),
(1116,76,1,'A','称重法'),
(1117,76,2,'B','记账法'),
(1118,76,3,'C','膳食回顾法'),
(1119,76,4,'D','食物频数法'),
(1120,76,5,'E','化学分析法'),
(1121,77,1,'A','≥60%'),
(1122,77,2,'B','50%～59%'),
(1123,77,3,'C','40%～49%'),
(1124,77,4,'D','30%～39%'),
(1125,77,5,'E','＜30%'),
(1126,78,1,'A','消化道出血'),
(1127,78,2,'B','原发性醛固铜增高症'),
(1128,78,3,'C','放射性同位素检查甲状腺吸碘率'),
(1129,78,4,'D','胆结石的诊断'),
(1130,78,5,'E','胆道造影'),
(1131,79,1,'A','蛋白质是许多氨基酸以胜肽键连接而成'),
(1132,79,2,'B','氨基酸在自然界中存在的为D型式'),
(1133,79,3,'C','氨基酸的结晶为白色固体'),
(1134,79,4,'D','自然界中存在的氨基酸有50种以上'),
(1136,80,1,'A','葡萄糖'),
(1137,80,2,'B','半乳糖'),
(1138,80,3,'C','甘露糖'),
(1139,80,4,'D','果糖'),
(1141,81,1,'A','11%～14%'),
(1142,81,2,'B','20%～30%'),
(1143,81,3,'C','55%～65%'),
(1144,81,4,'D','40%'),
(1146,82,1,'A','核黄素'),
(1147,82,2,'B','核黄素'),
(1148,82,3,'C','尼克酸'),
(1149,82,4,'D','维生素A'),
(1151,83,1,'A','62.8℃，保持30分钟 '),
(1152,83,2,'B','137.87℃，保持2秒'),
(1153,83,3,'C','80～85℃，保持10～15秒'),
(1154,83,4,'D','71.7℃，保持15秒'),
(1156,84,1,'A','有害金属'),
(1157,84,2,'B','添加剂'),
(1158,84,3,'C','细菌污染'),
(1159,84,4,'D','多环芳烃'),
(1161,85,1,'A','阿托品'),
(1162,85,2,'B','巯基解毒剂'),
(1163,85,3,'C','美兰 '),
(1164,85,4,'D','抗菌素'),
(1166,86,1,'A','鱼肉和血液'),
(1167,86,2,'B','鱼头和鱼尾'),
(1168,86,3,'C','肝脏和卵巢'),
(1169,86,4,'D','鱼鳃和眼睛'),
(1171,87,1,'A','甘氨酸'),
(1172,87,2,'B','白氨酸'),
(1173,87,3,'C','色氨酸'),
(1174,87,4,'D','瓜氨酸'),
(1176,88,1,'A','西瓜'),
(1177,88,2,'B','桃子'),
(1178,88,3,'C','香蕉'),
(1179,88,4,'D','李子'),
(1181,89,1,'A','磷'),
(1182,89,2,'B','硫'),
(1183,89,3,'C','碘'),
(1184,89,4,'D','硒'),
(1186,90,1,'A','都含高量钠，应尽量避免摄取'),
(1187,90,2,'B','含高量饱和脂肪，应避免'),
(1188,90,3,'C','含高钾'),
(1189,90,4,'D','含高糖量，应避免摄取太多'),
(1191,91,1,'A','单体残留'),
(1192,91,2,'B','聚合度不够'),
(1193,91,3,'C','着色剂'),
(1194,91,4,'D','装有不同食品'),
(1196,92,1,'A','卫生问题'),
(1197,92,2,'B','正常的食品感官性状'),
(1198,92,3,'C','维持生理功能'),
(1199,92,4,'D','营养价值高'),
(1201,93,1,'A','磷'),
(1202,93,2,'B','钠'),
(1203,93,3,'C','钙'),
(1204,93,4,'D','硫'),
(1206,94,1,'A','脂肪'),
(1207,94,2,'B','维生素C '),
(1208,94,3,'C','维生素D'),
(1209,94,4,'D','碳水化合物'),
(1211,95,1,'A','营养调查包括膳食调查、体格检查、临床症状检查及生化检验等方面'),
(1212,95,2,'B','常见的膳食调查有询问法、记账法和称重法等三种方法'),
(1213,95,3,'C','询问法又称24小时回顾法'),
(1214,95,4,'D','以上都对'),
(1216,96,1,'A','多吃蔬菜、水果和薯类'),
(1217,96,2,'B','吃清淡少盐的膳食'),
(1218,96,3,'C','如饮酒应限量'),
(1219,96,4,'D','常常先限用钙剂，防止骨质疏松'),
(1221,97,1,'A','1周岁时身长可达出生时的1.5倍'),
(1222,97,2,'B','婴儿出生体重平均为3000g'),
(1223,97,3,'C','婴儿出生时平均身长为50cm'),
(1224,97,4,'D','1周岁时体重可达出生时的1.5倍'),
(1226,98,1,'A','吃汉堡包比赛而引起的急性胃肠炎'),
(1227,98,2,'B','含瘦肉精猪肉引起的腹泻呕吐'),
(1228,98,3,'C','吃患口蹄疫猪肉引起的胃肠炎症状'),
(1229,98,4,'D','吃含镉食品引起的慢性肝癌'),
(1231,99,1,'A','乳腺癌'),
(1232,99,2,'B','胃癌'),
(1233,99,3,'C','胰腺癌'),
(1234,99,4,'D','前列腺癌'),
(1235,99,5,'E','结肠癌'),
(1236,100,1,'A','甘氨酸'),
(1237,100,2,'B','丝氨酸'),
(1238,100,3,'C','精氨酸'),
(1239,100,4,'D','天门冬酸'),
(1241,101,1,'A','植酸'),
(1242,101,2,'B','乳糖'),
(1243,101,3,'C','草酸'),
(1244,101,4,'D','膳食纤维'),
(1246,102,1,'A','奶类'),
(1247,102,2,'B','蔬菜、水果'),
(1248,102,3,'C','酒类'),
(1249,102,4,'D','腌制肉制品'),
(1251,103,1,'A','维生素A'),
(1252,103,2,'B','维生素D'),
(1253,103,3,'C','维生素C'),
(1254,103,4,'D','维生素E'),
(1256,104,1,'A','动物脑、鱼子'),
(1257,104,2,'B','蛋黄、动物肝'),
(1258,104,3,'C','牛奶、瘦肉'),
(1259,104,4,'D','鸡蛋、贝类'),
(1261,105,1,'A','最低'),
(1262,105,2,'B','中等'),
(1263,105,3,'C','最高'),
(1264,105,4,'D','适中'),
(1266,106,1,'A','碘'),
(1267,106,2,'B','镁'),
(1268,106,3,'C','锌'),
(1269,106,4,'D','钙'),
(1271,107,1,'A','蛋白质表观消化率'),
(1272,107,2,'B','蛋白质生物价'),
(1273,107,3,'C','蛋白质功效比值'),
(1274,107,4,'D','氨基酸评分'),
(1275,107,5,'E','蛋白质净利用率'),
(1276,108,1,'A','DHA'),
(1277,108,2,'B','油酸'),
(1278,108,3,'C','花生四烯酸'),
(1279,108,4,'D','软脂酸'),
(1280,108,5,'E','亚油酸'),
(1281,109,1,'A','要素膳'),
(1282,109,2,'B','维生素组件膳  C. 脂肪乳剂'),
(1283,109,3,'C','脂肪乳剂'),
(1284,109,4,'D','匀浆膳'),
(1285,109,5,'E','创伤用膳'),
(1286,110,1,'A','乳糖、蔗糖'),
(1287,110,2,'B','蔗糖、果糖'),
(1288,110,3,'C','乳糖、麦芽糖 '),
(1289,110,4,'D','葡萄糖、果糖'),
(1290,110,5,'E','麦芽糖、葡萄糖'),
(1291,111,1,'A','1/4'),
(1292,111,2,'B','1/3'),
(1293,111,3,'C','1/2 '),
(1294,111,4,'D','2/3'),
(1295,111,5,'E','3/5'),
(1296,112,1,'A','变形杆菌'),
(1297,112,2,'B','葡萄球菌肠毒素'),
(1298,112,3,'C','副溶血性弧菌'),
(1299,112,4,'D','沙门菌属'),
(1300,112,5,'E','肉毒梭菌'),
(1301,113,1,'A','磷'),
(1302,113,2,'B','硫'),
(1303,113,3,'C','碘'),
(1304,113,4,'D','硒'),
(1306,114,1,'A','铁'),
(1307,114,2,'B','锌'),
(1308,114,3,'C','铜'),
(1311,115,1,'A','组织氨酸'),
(1312,115,2,'B','白氨酸'),
(1313,115,3,'C','酸氨酸'),
(1314,115,4,'D','麸氨酸'),
(1316,116,1,'A','维生素B 族'),
(1317,116,2,'B','维生素D'),
(1318,116,3,'C','β-胡萝卜素'),
(1319,116,4,'D','番茄红素'),
(1321,117,1,'A','低纤维膳食'),
(1322,117,2,'B','匀浆膳'),
(1323,117,3,'C','糖尿病膳食'),
(1324,117,4,'D','要素膳'),
(1326,118,1,'A','谷皮'),
(1327,118,2,'B','糊粉层'),
(1328,118,3,'C','胚乳'),
(1329,118,4,'D','胚芽'),
(1331,119,1,'A','消化系统功能减退'),
(1332,119,2,'B','食欲下降'),
(1333,119,3,'C','缺钙'),
(1334,119,4,'D','户外活动减少'),
(1335,119,5,'E','代谢功能降低'),
(1336,120,1,'A','大米在淘洗过程中水溶性维生素和矿物质不会丢失'),
(1337,120,2,'B','采用蒸的方法B族维生素的保存率比弃汤捞蒸法要低'),
(1338,120,3,'C','油条制作时因加碱及高温油炸会使大部分维生素B1损失'),
(1339,120,4,'D','蛋类烹调使维生素和矿物质大部分丢失'),
(1340,120,5,'E','先切后洗，急火快炒，现做现吃是降低蔬菜中维生素损失的有效措施'),
(1341,121,1,'A','一般认为是安全的物质'),
(1342,121,2,'B','毒理学性质已经清楚，可以使用并已制定出正式ADI者'),
(1343,121,3,'C','JECFA曾经进行过安全评价，因毒理学资料不足未指定ADI者'),
(1344,121,4,'D','JECFA尚未进行过安全评价者'),
(1345,121,5,'E','目前毒理学资料不够完善，制定暂时ADI者'),
(1346,122,1,'A','超高压技术'),
(1347,122,2,'B','高压脉冲电厂杀菌'),
(1348,122,3,'C','辐射杀菌技术'),
(1349,122,4,'D','欧姆杀菌技术'),
(1350,122,5,'E','磁力杀菌技术'),
(1351,123,1,'A','蛋白质'),
(1352,123,2,'B','糖原'),
(1353,123,3,'C','脂肪'),
(1354,123,4,'D','水分'),
(1355,123,5,'E','非蛋白氮'),
(1356,124,1,'A','葡萄球菌肠毒素食物中毒'),
(1357,124,2,'B','副溶血性弧茵食物中毒'),
(1358,124,3,'C','肉毒毒素中毒'),
(1359,124,4,'D','沙门氏菌属食物中毒'),
(1360,124,5,'E','致病性大肠杆菌食物中毒'),
(1361,125,1,'A','冠心病'),
(1362,125,2,'B','糖尿病'),
(1363,125,3,'C','龋齿'),
(1364,125,4,'D','三者都包括'),
(1366,126,1,'A','有良好的口味和色泽'),
(1367,126,2,'B','能加快烹调的速度，缩短食物的成熟时间，使原料保持鲜嫩'),
(1368,126,3,'C','高温加热可使油脂中的维生素A、E和胡萝卜素等遭受破坏'),
(1369,126,4,'D','高温可缩短烹调时间，进而可减少维生素的损失，因此应高油温烹调加工蔬菜'),
(1371,127,1,'A','18碳2稀酸'),
(1372,127,2,'B','22碳4稀酸'),
(1373,127,3,'C','24碳6稀酸'),
(1374,127,4,'D','18碳4稀酸'),
(1376,128,1,'A','脂肪和蛋白质'),
(1377,128,2,'B','能量'),
(1378,128,3,'C','蛋白质'),
(1379,128,4,'D','蛋白质及能量'),
(1381,129,1,'A','锌'),
(1382,129,2,'B','锰'),
(1383,129,3,'C','铜'),
(1384,129,4,'D','铁'),
(1386,130,1,'A','磷'),
(1387,130,2,'B','硫 '),
(1388,130,3,'C','碘'),
(1389,130,4,'D','硒'),
(1391,131,1,'A','20%、80% '),
(1392,131,2,'B','10%、90%'),
(1393,131,3,'C','5%、95%'),
(1394,131,4,'D','30%、70%'),
(1396,132,1,'A','甘氨酸'),
(1397,132,2,'B','麸氨酸'),
(1398,132,3,'C','甲硫氨酸'),
(1399,132,4,'D','苯丙氨酸'),
(1401,133,1,'A','B族维生素的无机盐'),
(1402,133,2,'B','碳水化合物'),
(1403,133,3,'C','蛋白质'),
(1404,133,4,'D','维生素C'),
(1406,134,1,'A','小肠对脂肪的吸收能力'),
(1407,134,2,'B','人体对脂肪的代谢情况'),
(1408,134,3,'C','胆囊及胆管的形态及功能'),
(1409,134,4,'D','检查高脂血症的膳食'),
(1411,135,1,'A','2000千卡左右'),
(1412,135,2,'B','1800千卡左右'),
(1413,135,3,'C','2300千卡左右'),
(1414,135,4,'D','2500千卡左右'),
(1416,136,1,'A','欧洲人比亚洲人低，所以欧洲人肥胖者居多'),
(1417,136,2,'B','疾病使基础代谢增高 '),
(1418,136,3,'C','同样年龄、身高、健康的男性基础代谢一定比女性高'),
(1419,136,4,'D','一般地，肥胖者的基础代谢小于瘦长者 '),
(1421,137,1,'A','临床营养引起全面的重视 '),
(1422,137,2,'B','推动了静脉高营养的发展'),
(1423,137,3,'C','临床营养师加入治疗小组'),
(1424,137,4,'D','尽量采取自然途径摄取食物补充营养'),
(1426,138,1,'A','碳水化合物和维生素'),
(1427,138,2,'B','脂肪和铁'),
(1428,138,3,'C','脂肪和维生素'),
(1429,138,4,'D','碳水化合物和铁'),
(1430,138,5,'E','维生素和铁'),
(1431,139,1,'A','补益精血'),
(1432,139,2,'B','截症解毒'),
(1433,139,3,'C','补肾壮阳'),
(1434,139,4,'D','润肠通便'),
(1436,140,1,'A','奶类'),
(1437,140,2,'B','畜禽肉类'),
(1438,140,3,'C','粮油及制品'),
(1439,140,4,'D','水产品'),
(1441,141,1,'A','剧烈呕吐'),
(1442,141,2,'B','腹痛、腹泻'),
(1443,141,3,'C','发热'),
(1444,141,4,'D','神经系统症状'),
(1446,142,1,'A','肝'),
(1447,142,2,'B','肾'),
(1448,142,3,'C','大脑'),
(1449,142,4,'D','心脏'),
(1451,143,1,'A','蛋白质'),
(1452,143,2,'B','碳水化合物'),
(1453,143,3,'C','脂肪'),
(1454,143,4,'D','维生素C'),
(1456,144,1,'A','4小时'),
(1457,144,2,'B','5小时'),
(1458,144,3,'C','6小时'),
(1459,144,4,'D','8小时'),
(1461,145,1,'A','麦芽糖 '),
(1462,145,2,'B','乳糖'),
(1463,145,3,'C','果糖 '),
(1464,145,4,'D','蔗糖'),
(1466,146,1,'A','钙'),
(1467,146,2,'B','磷'),
(1468,146,3,'C','铁'),
(1469,146,4,'D','镁'),
(1471,147,1,'A','钙'),
(1472,147,2,'B','锌'),
(1473,147,3,'C','铜'),
(1474,147,4,'D','铁'),
(1476,148,1,'A','低于，高于'),
(1477,148,2,'B','高于，低于'),
(1478,148,3,'C','高于，高于'),
(1479,148,4,'D','低于，低于'),
(1480,154,1,'A','钙'),
(1481,154,2,'B','维生素A'),
(1482,154,3,'C','维生素B1'),
(1483,154,4,'D','磷'),
(1485,155,1,'A','含有丰富的蛋白质'),
(1486,155,2,'B','亚油酸含量高'),
(1487,155,3,'C','含有丰富的钙、硫胺素和核黄素'),
(1488,155,4,'D','含有蛋白酶抑制剂'),
(1490,156,1,'A','责任处理'),
(1491,156,2,'B','中毒场所的处理'),
(1492,156,3,'C','病人的处理'),
(1493,156,4,'D','有毒食品的处理'),
(1495,157,1,'A','补充B族维生素'),
(1496,157,2,'B','供给充足的维生素C'),
(1497,157,3,'C','补充富含含硫氨基酸的优质蛋白质'),
(1498,157,4,'D','保证硒铁钙等矿物元素的膳食供应'),
(1500,158,1,'A','婴儿月龄达4个月'),
(1501,158,2,'B','婴儿可以坐起来了'),
(1502,158,3,'C','婴儿体重增长已达到出生时的2倍'),
(1503,158,4,'D','婴儿在吃完250ml奶后不到4小时又饿了'),
(1505,159,1,'A','钠'),
(1506,159,2,'B','氯'),
(1507,159,3,'C','钾'),
(1508,159,4,'D','钙'),
(1510,160,1,'A','肉类'),
(1511,160,2,'B','蔬菜类'),
(1512,160,3,'C','鱼类'),
(1513,160,4,'D','海产品类'),
(1514,160,5,'E','水果类'),
(1515,161,1,'A','肝病'),
(1516,161,2,'B','高热'),
(1517,161,3,'C','大面积烧伤'),
(1518,161,4,'D','放疗'),
(1519,161,5,'E','短肠综合征'),
(1520,162,1,'A','降低空腹血糖'),
(1521,162,2,'B','降低餐后血糖'),
(1522,162,3,'C','改善葡萄糖耐量'),
(1523,162,4,'D','可停用降糖药'),
(1524,162,5,'E','增加饱腹感'),
(1525,163,1,'A','高能量营养素齐全'),
(1526,163,2,'B','基本不要消化，易吸收'),
(1527,163,3,'C','大量用肠胃排空减慢'),
(1528,163,4,'D','残渣少体积小'),
(1529,163,5,'E','易于保存无乳糖'),
(1530,164,1,'A','EAR'),
(1531,164,2,'B','RDA'),
(1532,164,3,'C','RNI'),
(1533,164,4,'D','UL'),
(1534,164,5,'E','AI'),
(1535,165,1,'A','植物雌激素具有类雌激素样作用'),
(1536,165,2,'B','植物雌激素还有抗雌激素作用'),
(1537,165,3,'C','植物雌激素的雌激素活性高于17-β雌二醇'),
(1538,165,4,'D','植物雌激素本质上也属于雌激素'),
(1539,165,5,'E','植物雌激素不能与内源性雌激素受体结合'),
(1540,166,1,'A','多吃谷类，供给充足的能量'),
(1541,166,2,'B','保证足量的鱼、禽、蛋、奶、豆类和新鲜蔬菜水果的摄入'),
(1542,166,3,'C','平衡膳食，鼓励参加体力活动，避免盲目节食'),
(1543,166,4,'D','少食多餐，不暴饮暴食，饮食清淡少盐，不吸烟，不过量饮酒'),
(1544,166,5,'E','控制脂肪摄入，脂肪产能占总能量的20%～30%'),
(1545,167,1,'A','少吃生冷食物'),
(1546,167,2,'B','戒烟'),
(1547,167,3,'C','限盐 '),
(1548,167,4,'D','限酒'),
(1549,167,5,'E','食物多样'),
(1550,168,1,'A','酸价'),
(1551,168,2,'B','丙二醛'),
(1552,168,3,'C','过氧化值'),
(1553,168,4,'D','羰基价'),
(1554,168,5,'E','K值'),
(1555,169,1,'A','钙'),
(1556,169,2,'B','维生素A'),
(1557,169,3,'C','维生素B2'),
(1558,169,4,'D','磷'),
(1559,169,5,'E','铁'),
(1560,170,1,'A','体力活动'),
(1561,170,2,'B','幼儿死亡率'),
(1562,170,3,'C','身高和体重'),
(1563,170,4,'D','婴儿喂养方式'),
(1564,170,5,'E','吸烟'),
(1565,171,1,'A','胆结石的诊断'),
(1566,171,2,'B','原发性醛固铜增高症'),
(1567,171,3,'C','放射性同位素检查甲状腺吸碘率'),
(1568,171,4,'D','消化道出血'),
(1569,171,5,'E','胆道造影'),
(1570,172,1,'A','GI70与90之间为高GI食物'),
(1571,172,2,'B','一般而言GI大于70为高GI食物'),
(1572,172,3,'C',' GI55与70之间为中GI食物'),
(1573,172,4,'D','GI小于55为低GI食物'),
(1574,172,5,'E','以上都是'),
(1575,173,1,'A','合理的膳食营养'),
(1576,173,2,'B','经常性运动'),
(1577,173,3,'C','良好的生活方式'),
(1578,173,4,'D','预防性使用药物'),
(1579,173,5,'E','避免服用促骨质丢失的药品'),
(1580,174,1,'A','维生素摄入不足'),
(1581,174,2,'B','由于年龄偏大'),
(1582,174,3,'C','由于年龄太小'),
(1583,174,4,'D','吸收利用障碍'),
(1584,174,5,'E','需要量相对增加'),
(1585,175,1,'A','蛋白酶抑制剂'),
(1586,175,2,'B','胀气因子'),
(1587,175,3,'C','植酸'),
(1588,175,4,'D','草酸'),
(1589,175,5,'E','植物红细胞凝集素'),
(1590,176,1,'A','乳母每日膳食能量摄入量应在非孕妇女基础上增加500kcal'),
(1591,176,2,'B','乳母蛋白质的推荐摄入量较一般成年妇女每日应增加20g'),
(1592,176,3,'C','乳母蛋白质的推荐摄入量较一般成年妇女每日应增加40g'),
(1593,176,4,'D','乳母膳食钙的摄入量为每日800mg'),
(1594,176,5,'E','乳母膳食钙的摄入量为每日1200mg'),
(1595,177,1,'A','基础代谢下降来源'),
(1596,177,2,'B','脂肪组织增加，瘦体组织减少'),
(1597,177,3,'C','消化功能减退'),
(1598,177,4,'D','体内水分增加，骨密度升高'),
(1599,177,5,'E','妇女绝经期后雌激素分泌水平下降'),
(1600,178,1,'A','提供人体必需的营养素 '),
(1601,178,2,'B','膳食纤维的重要来源'),
(1602,178,3,'C','维持机体酸碱平衡'),
(1603,178,4,'D','促进胃肠消化功能'),
(1605,179,1,'A','蛋白质'),
(1606,179,2,'B','维生素B12'),
(1607,179,3,'C','铁'),
(1608,179,4,'D','钙 '),
(1609,179,5,'E','叶酸'),
(1610,180,1,'A','茄子'),
(1611,180,2,'B','鸡肉'),
(1612,180,3,'C','豆腐'),
(1613,180,4,'D','火腿肉'),
(1614,180,5,'E','色拉酱'),
(1615,181,1,'A','少食多餐，想吃就吃'),
(1616,181,2,'B','补充长链多不饱和脂肪酸'),
(1617,181,3,'C','选择容易消化吸收的食物'),
(1618,181,4,'D','补充叶酸'),
(1619,181,5,'E','按照喜好，选择促进食欲的食物'),
(1620,182,1,'A','是最常见的一类食物中毒'),
(1621,182,2,'B','全年皆可发病 ，尤其以7~9月高发'),
(1622,182,3,'C','全年皆可发病，一般以3~5月高发'),
(1623,182,4,'D','引起中毒的食品以植物性食品为主'),
(1624,182,5,'E','一般病程短，病死率低'),
(1625,183,1,'A','胡萝卜素'),
(1626,183,2,'B','维生素D3'),
(1627,183,3,'C','烟酸'),
(1628,183,4,'D','叶酸'),
(1629,183,5,'E','维生素C'),
(1630,184,1,'A','锌'),
(1631,184,2,'B','铬'),
(1632,184,3,'C','硒'),
(1633,184,4,'D','钙'),
(1634,184,5,'E','铁'),
(1635,185,1,'A','毒蕈中毒'),
(1636,185,2,'B','四季豆中毒'),
(1637,185,3,'C','砷污染食品而引起食物中毒'),
(1638,185,4,'D','细菌性食物中毒'),
(1639,185,5,'E','黄曲霉毒素食物中毒'),
(1640,186,1,'A','动物的内脏'),
(1641,186,2,'B','蔬菜、水果'),
(1642,186,3,'C','奶类'),
(1643,186,4,'D','粮谷类'),
(1644,186,5,'E','蛋类'),
(1645,187,1,'A','胃肠炎型'),
(1646,187,2,'B','败血症型 '),
(1647,187,3,'C','溶血性'),
(1648,187,4,'D','神经、精神型'),
(1649,187,5,'E','脏器损害型'),
(1650,188,1,'A','酸价'),
(1651,188,2,'B','碘价'),
(1652,188,3,'C','皂化价'),
(1653,188,4,'D','过氧化物值'),
(1654,188,5,'E','羰基价'),
(1655,189,1,'A','危害性'),
(1656,189,2,'B','时间性'),
(1657,189,3,'C','信任程度'),
(1658,189,4,'D','关心程度'),
(1659,189,5,'E','效益程度'),
(1660,190,1,'A','可以根据标准体重，计算糖尿病患者的热量需求，便于安排食谱'),
(1661,190,2,'B','标准体重可以作为治疗效果的评价指标之一'),
(1662,190,3,'C','可以根据标准体重计算胰岛素等药物的用量'),
(1663,190,4,'D','标准体重可以预测这个人是否患糖尿病'),
(1664,190,5,'E','以上都包括'),
(1665,191,1,'A','要有符合用膳者需要的营养素'),
(1666,191,2,'B','要有科学合理的食谱'),
(1667,191,3,'C','要有合理的膳食制度'),
(1668,191,4,'D','要有科学的烹饪方法'),
(1669,191,5,'E','要有卫生安全的食物选择'),
(1670,192,1,'A','高热能'),
(1671,192,2,'B','高蛋白质'),
(1672,192,3,'C','低盐'),
(1673,192,4,'D','低渣'),
(1674,192,5,'E','丰富维生素'),
(1675,193,1,'A','维生素E'),
(1676,193,2,'B','赖氨酸'),
(1677,193,3,'C','多不饱和脂肪酸'),
(1678,193,4,'D','膳食纤维'),
(1679,193,5,'E','维生素B2'),
(1680,194,1,'①','细菌性食物中毒，主要有沙门菌食物中毒、变形杆菌食物中毒、副溶血性弧菌食物中毒、葡萄球菌肠毒素食物中毒、肉毒梭菌食物中毒、蜡样芽胞杆菌食物中毒、志贺菌食物中毒等；'),
(1681,194,2,'②','有毒动植物中毒，指误食有毒动植物或摄入因加工、烹调不当未除去有毒成分的动植物食物而引起的中毒，其发病率较高，病死率因动植物种类而异。有毒动物中毒，如河豚鱼、有毒贝类等引起的中毒；有毒植物中毒，如毒蕈、含氰苷果仁、木薯、四季豆等中毒等；'),
(1682,194,3,'③','化学性食物中毒，指误食有毒化学物质或食人被其污染的食物而引起的中毒，发病率和病死率均比较高，如某些金属或类金属化合物、亚硝酸盐、农药等引起的食物中毒；'),
(1683,194,4,'④','真菌毒素和霉变食品中毒，食用被产毒真菌及其毒素污染的食物而引起的急性疾病，其发病率较高，死亡率因菌种及其毒素种类而异，如赤霉病麦、霉变甘蔗等中毒。'),
(1684,195,1,'①','遗传因素：糖尿病具有家族遗传易感性；'),
(1685,195,2,'②','营养因素：营养不平衡，长期摄入高能量高脂肪。低膳食纤维的膳食以及某些维生素和矿物质不足，易诱发糖尿病和肥胖，超重和肥胖也是糖尿病的重要危险因素；'),
(1686,195,3,'③','缺乏体力活动；'),
(1687,195,4,'④','生理因素：年龄增大、妊娠等。糖尿病岁年龄的增长发病率上升，50～70岁时大多数糖尿病的发病年龄；'),
(1688,195,5,'⑤','社会环境因素：不良生活方式，如吸烟过量饮酒，生活节奏加快竞争激烈压力大应急增多等；'),
(1689,195,6,'⑥','病理因素：高血脂高血压肥胖（尤其是中央型，即内脏型肥胖）感染应激化学毒物等。'),
(1690,196,1,'1）','防止食品受细菌污染：加强肉类食品企业的卫生监督，做好屠宰前及屠宰后的兽医卫生检验，屠宰过程中防交叉污染。做好食品从业人员的卫生知识培训及健康检查。'),
(1691,196,2,'2）','控制细菌繁殖和毒素产生  低温储藏肉制品。'),
(1692,196,3,'3）','杀灭病原菌及破坏毒素   食用前食物应烧熟煮透。'),
(1693,197,1,'（1）','合理膳食，调整膳食结构，增加乳及乳制品；'),
(1694,197,2,'（2）','适时适量补钙，提高骨密度峰值，补充时注意制剂中钙元素的含量；'),
(1695,197,3,'（3）','体育锻炼刺激成骨细胞活动，有利骨质形成。'),
(1696,198,1,'（1）','基本情况统计；'),
(1697,198,2,'（2）','风险指数评估；'),
(1698,198,3,'（3）','心理健康评估；'),
(1699,198,4,'（4）','健康行为评估；'),
(1700,198,5,'（5）','生理指标评估；'),
(1701,198,6,'（6）','家庭病史及身体检查；'),
(1702,198,7,'（7）','自我健康认知状况；'),
(1703,198,8,'（8）','如何增进健康。'),
(1704,199,1,'胎儿期','缺乏的表现:流产、死胎、先天畸形、围产期死亡率增高、婴幼儿期死亡率增高、地方性克汀病；\r\n神经型：智力落后、聋哑、斜视、痉挛性瘫痪、步态和姿态异常；\r\n黏液型：黏液性水肿、侏儒、智力落后、神经运动功能发育落后、胎儿甲状腺功能减退。'),
(1705,199,2,'新生儿期','缺乏的表现:新生儿甲状腺功能减退，新生儿甲状腺肿。'),
(1706,199,3,'儿童期和青春期','缺乏的表现:甲状腺肿、青春期甲状腺功能减退、亚临床型克汀病、智力发育障碍、体格发育障碍、单纯聋哑。'),
(1707,199,4,'成人期','缺乏的表现:甲状腺肿及其并发症、甲状腺功能减退、智力障碍、缺碘导致的甲状腺机能亢进等。'),
(1708,200,1,NULL,'弥补天然食物的营养缺陷；补充食品在加工、储存及运输过程中营养素的损失；简化膳食处理，方便摄食；适应不同人群的营养需要；预防营养不良。'),
(1709,201,1,NULL,'用于测定人体蛋白质的需要量和氨基酸代谢实验；用于测定水溶性维生素的耐受实验和研究水溶性维生素的需要量；用于评价矿物质的代谢；用于评价机体水溶性维生素的营养状况；用于研究人体矿物质的需要量。'),
(1710,202,1,'1）','低胆固醇膳食的特点：在低脂膳食的前提下，控制每日膳食中的胆固醇含量在300mg以下，饱和脂肪酸占总能量的10%以下。'),
(1711,202,2,'2）','低胆固醇膳食的适用对象：高血压、冠心病、胆结石、高脂血症。'),
(1712,202,3,'3）','低胆固醇膳食的膳食原则：\r\n①控制总能量的摄入，使其体重控制在适宜范围内；\r\n②控制脂肪总量，在低脂肪膳食的基础上，减少饱和脂肪酸和胆固醇的摄入；\r\n③烹调用油，多选用茶油、橄榄油等单不饱和脂肪酸含量丰富的油脂，有助于调整血脂；\r\n④多用香菇、木耳、海带、豆制品、橄榄菜等有助于调节血脂的食物；\r\n⑤适当增加膳食纤维的含量，有利于降低血胆固醇。'),
(1713,202,4,'4）','低胆固醇膳食的食物选择：\r\n①可用的食物：各种谷类，低脂奶、去脂的禽肉、瘦肉、鱼、虾、兔子肉、蛋白、水果、豆制品、各种绿叶蔬菜；\r\n②限用的食物：油条、油饼、油酥点心、全脂奶、猪肉、牛羊肉、肥禽。禁用蟹黄、脑、肝、肾等动物内脏，鱿鱼、乌贼鱼等胆固醇高的食物。'),
(1714,203,1,'(1)','食物多样：每餐应包括各种蔬菜水果豆类及粗加工的主食。'),
(1715,203,2,'(2)','维持适宜体重：避免体重过轻或过重，成年后要限制体重增幅不超过5kg 。'),
(1716,203,3,'(3)','保持体力活动：坚持体育锻炼，每天应进行1小时左右的快走或类似的运动量，每星期至少还要进行1小时出汗的剧烈运动。'),
(1717,203,4,'(4)','多吃蔬菜和水果：坚持每天吃400~800g各种蔬菜水果，3~5种蔬菜和2~4种水果，特别注意维生素A和维生素C的摄入要充足。'),
(1718,203,5,'(5)','以植物性食物为主：食用多种来源的淀粉或富含蛋白质的植物性食物，少吃精加工食品，限制精制糖的摄入。'),
(1719,203,6,'(6)','不提倡饮酒，如饮酒，男人每天不超过一天总能量摄入量的5%，女性不超过2.5%。'),
(1720,203,7,'(7)',' 限制动物性食品的摄入：每天瘦肉摄入量应限制在90g以下，选择鱼和家禽替代牛肉羊肉和猪肉。'),
(1721,203,8,'(8)','限制高脂食物的摄入：选择适当的植物油并限制用量。'),
(1722,203,9,'(9)','限盐：限制腌制食物的摄入，控制烹调用盐和调料盐的使用。'),
(1723,203,10,'(10)','防霉：防止食品腐烂及霉菌污染，不食用已受细菌和/或霉菌污染的食物。'),
(1724,203,11,'(11)','防腐：冷藏或其他适宜方法保存易腐烂的食物。'),
(1725,203,12,'(12)','限制食品添加剂的使用。'),
(1726,203,13,'(13)','注意食物加工方法：不吃烧焦的食物，少吃烧烤的鱼和肉，腌肉及熏肉。'),
(1727,203,14,'(14)','营养补充剂的选用。'),
(1728,204,1,'(1)','食物的生物学种愈远愈好，如动物性和植物性食物之间的混合比单纯性食物之间的混合要好；'),
(1729,204,2,'(2)','搭配的种类愈多愈好；'),
(1730,204,3,'(3)','食用时间愈近愈好，同时食用最好。因为单个氨基酸在血液中的停留时间约4小时，然后到达组织器官，再合成组织器官的蛋白质，而合成组织器官蛋白质的氨基酸必须同时到达才能发挥互补作用，合成组织器官蛋白质。'),
(1731,205,1,'(1)','营养齐全，能满足4~6个月龄婴儿生长发育的需要，与消化相适应，不增加负担； '),
(1732,205,2,'(2)','含优质蛋白质：总含量<牛乳，但乳白蛋白与酪蛋白之比例适当； '),
(1733,205,3,'(3)','丰富的必需脂肪酸：不饱和脂肪酸为主+脂酶，易消化吸收； '),
(1734,205,4,'(4)','丰富乳糖：碳水化合物的主要形式，促钙吸收，改善肠道菌群； '),
(1735,205,5,'(5)','维生素及矿物质：钙磷比例适当+乳糖作用； '),
(1736,205,6,'(6)','母乳中有丰富抗感染物质，提高抵抗力； '),
(1737,205,7,'(7)','哺乳行为可增进母子的感情交流，促进智能发育； '),
(1738,205,8,'(8)','卫生无菌经济方便，温度适宜，新鲜不变质。');

/*Table structure for table `cisn_paper` */

CREATE TABLE `cisn_paper` (
  `id` int(11) NOT NULL AUTO_INCREMENT,
  `title` varchar(1000) COLLATE utf8_bin DEFAULT NULL,
  PRIMARY KEY (`id`)
) ENGINE=InnoDB AUTO_INCREMENT=3 DEFAULT CHARSET=utf8 COLLATE=utf8_bin;

/*Data for the table `cisn_paper` */

insert  into `cisn_paper`(`id`,`title`) values 
(1,'CISN模拟试卷一'),
(2,'CISN模拟试卷二');

/*Table structure for table `cisn_question` */

CREATE TABLE `cisn_question` (
  `id` int(11) NOT NULL AUTO_INCREMENT,
  `title` varchar(3000) COLLATE utf8_bin DEFAULT NULL,
  `type` int(11) DEFAULT NULL,
  `orders` int(11) DEFAULT NULL,
  `paper_id` int(11) DEFAULT NULL,
  PRIMARY KEY (`id`)
) ENGINE=InnoDB AUTO_INCREMENT=206 DEFAULT CHARSET=utf8 COLLATE=utf8_bin;

/*Data for the table `cisn_question` */

insert  into `cisn_question`(`id`,`title`,`type`,`orders`,`paper_id`) values 
(1,'下列为氨基酸的侧链接构，何者属于酸性氨基酸(   )',1,1,1),
(2,'高温环境下人体胃酸分泌减少，食欲减退的主要原因是(   )',1,2,1),
(3,'某食物中的钙的INQ值小于1表示(   )',1,3,1),
(4,'下列属于食品防腐剂的是(   )',1,4,1),
(5,'下列关于血糖生成指数GI）说法正确的是(   )',1,5,1),
(6,'东方膳食模式罹患癌症发病率最高的是(   )',1,6,1),
(7,'浮肿型蛋白质—热能营养不良主要是由于缺乏哪种营养素(   )',1,7,1),
(8,'下列哪种营养素缺乏会引起巨幼红细胞贫血(   )',1,8,1),
(9,'超氧化物歧化酶（SOD）的主要组成成分是(   )',1,9,1),
(10,'牛奶中含量最低的矿物质是以下哪一种(   )',1,10,1),
(11,'上班族一日三餐的分配比例应是(   )',1,11,1),
(12,'下面哪种食物的热效应最高(   )',1,12,1),
(13,'以下属于常量元素的是(   )',1,13,1),
(14,'以下可促进铁吸收的因素是 (   )',1,14,1),
(15,'缺乏硫胺素会导致(   )',1,15,1),
(16,'肝硬化合并腹水的患者，每日食盐应限制在(   )',1,16,1),
(17,'下列哪种营养素是抗氧化营养素(   )',1,17,1),
(18,'下列哪种疾病应补充碘(   )',1,18,1),
(19,'含芥酸较多的油脂是(   )',1,19,1),
(20,'我国酒类卫生标准中规定了甲醛限量标准的种类是(   )',1,20,1),
(21,'食品安全质量管理体系不包括(   )',1,21,1),
(22,'下列指标中，属于间接反映食品安全质量发生变化的指标是(   )',1,22,1),
(23,'采用体质指数（BMI）判定肥胖时，WHO和我国的标准分别为(   )',1,23,1),
(24,'下列何种检验值，可表示油脂的不饱和度(   )',1,24,1),
(25,'有关胆固醇的叙述，何者错误(   )',1,25,1),
(26,'维生素A的主要来源是(   )',1,26,1),
(27,'人体所需的一部分尼克酸可由体内哪种氨基酸转化(   )',1,27,1),
(28,'下列哪项不是维生素D在人体的缺乏症(   )',1,28,1),
(29,'婴幼儿常见的营养问题不包括(   )',1,29,1),
(30,'老年人发生腰背酸痛时在营养学上首先应考虑的疾病是(   )',1,30,1),
(31,'钙的最好来源是(   )',1,31,1),
(32,'下列哪组营养素是孕妇最容易缺乏的(   )',1,32,1),
(33,'婴儿辅食应先强化哪种矿物质(   )',1,33,1),
(34,'按照中国居民平衡膳食宝塔的要求，每天谷类食物的摄入量应为(   )',1,34,1),
(35,'拟除虫菊酯类农药的缺点是(   )',1,35,1),
(36,'增加维生素C的摄入量可抑制食管癌发生的机制是(   )',1,36,1),
(37,'高温环境下人体胃酸分泌减少，食欲减退的主要原因是(   )',1,37,1),
(38,'癞皮症是由于缺乏(   )',1,38,1),
(39,'葡萄糖耐量因子的重要组成成分是(   )',1,39,1),
(40,'二噁英事件属于食物的(   )',1,40,1),
(41,'黄曲霉毒素主要损害的部位是   (   )',1,41,1),
(42,'下列哪种是亚硝酸盐中毒的特效解毒剂   (   )',1,42,1),
(43,'下列哪种属食物中毒的范畴 (   )',1,43,1),
(44,'除了下列那一种器官外，其余的器官必须随时补充葡萄糖，否则会造成永久性的伤害或是生命危险(   )',1,44,1),
(45,'下列对铜的叙述何者有误(   )',1,45,1),
(46,'植物来源胡萝卜素的吸收需(   )',1,46,1),
(47,'缺乏维生素A造成(   )',1,47,1),
(48,'维生素B2的缺乏症不包括(   )',1,48,1),
(49,'人体水分含量的叙述何者有误(   )',1,49,1),
(50,'食物脂肪的吸收率一般在(   )以上',1,50,1),
(51,'食品的微生物污染，一方面降低了(   )，另一方面对食用者造成危害',1,51,1),
(52,'猪肝含高量的(   )',1,52,1),
(53,'下列动植物中富含叶酸的食物是(   )',1,53,1),
(54,'硒参与哪种酶的构成(   )',1,54,1),
(55,'冷冻保藏食品的原理主要是低温可以达到什么目的(   )',1,55,1),
(56,'完全胃肠外营养是(   )',1,56,1),
(57,'肝昏迷早期膳食应 (   )',1,57,1),
(58,'胎儿出生时体内储备的铁，一般可满足(   )时期内婴儿对铁的需要量',1,58,1),
(59,'能够反映长期膳食行为，可用于研究慢性病与膳食模式关系的膳食调查方法是(   )',1,59,1),
(60,'游离氨基酸通常多在小肠的哪一段吸收(   )',1,60,1),
(61,'有机磷农药中毒主要毒作用机制为 (   )',1,61,1),
(62,'下列哪种食品中亚硝基类化合物污染最重 (   )',1,62,1),
(63,'与生殖有关的矿物质为(   )',1,63,1),
(64,'下列叙述何者有误(   )',1,64,1),
(65,'水溶性维生素大都以主动运输方式吸收，但何者例外(   )',1,65,1),
(66,'维生素中需要量最多的是  (   )',1,66,1),
(67,'水的损失途径主要为何(   )',1,67,1),
(68,'肾脏对于分子量多大的分子无法过滤(   )',1,68,1),
(69,'一些矿物质或水的再吸收主要发生于(   )',1,69,1),
(70,'肉类是属于(   )',1,70,1),
(71,'ATP中含有的矿物质元素为(   )',1,71,1),
(72,'下列食物哪一类含较多的亚硝酸钠？(   )',1,72,1),
(73,'食物中蛋白质含量测定一般使用(   )，测定食物中的氮含量。',1,73,1),
(74,'若食品中只检出含有埃希菌属，则认为食品受人和温血动物粪便的(   )污染',1,74,1),
(75,'人类终生每日摄入某物质而不产生任何已知不良效应的剂量称为 (   )',1,1,2),
(76,'能够反映长期膳食行为、可用于研究慢性病与膳食模式关系的膳食调查方法是(   )',1,2,2),
(77,'处于小康水平的居民其Engel指数为(   )',1,3,2),
(78,'低碘膳食用于诊断 (   )',1,4,2),
(79,'下列对氨基酸的叙述，何者错误(   )',1,5,2),
(80,'下列糖类中，何者吸收速率最快？(   )',1,6,2),
(81,'碳水化物的供给量应占总热能的(   )',1,7,2),
(82,'患者口角湿白、唇裂、鼻唇沟及眉间脂溢性皮炎，阴囊红肿，有溢出液，并有怕光、流泪、舌痛最可能为缺乏(   )',1,8,2),
(83,'超高温瞬间灭菌法的温度为(   )',1,9,2),
(84,'陶瓷、搪瓷类容器主要的卫生问题是(   )',1,10,2),
(85,'肝损害型毒蕈中毒的特殊治疗药物是(   )',1,11,2),
(86,'河豚毒素含量最多的器官是 (   )',1,12,2),
(87,'哪一种氨基酸，可与体内有毒的物质结合，转换成无毒的型态且排出体外。(   )',1,13,2),
(88,'含钾量较多的水果为(   )',1,14,2),
(89,'胰岛素中含有的矿物质元素为何？(   )',1,15,2),
(90,'有关调味料如酱油、味素以及嫩化剂等的叙述何者正确(   )',1,16,2),
(91,'塑料制品的主要卫生问题是(   )，具有一定的毒性',1,17,2),
(92,'为了保障健康，食品要符合的卫生要求有：具有其固有的营养成分、无毒无害和(   )',1,18,2),
(93,'下列元素中人体含量最多的是(   )',1,19,2),
(94,'下列哪种营养素可提高钙的吸收率(   )',1,20,2),
(95,'有关营养调查，下列说法哪些是正确的(   )',1,21,2),
(96,'下列不属于中国居民膳食指南内容的是(   )',1,22,2),
(97,'以下哪点与婴儿生长发育特点不符合(   )',1,23,2),
(98,'以下哪种情况属于食物中毒      (   )',1,24,2),
(99,'下列癌症中，东方膳食模式罹患癌症发病率最高的是(   )',1,25,2),
(100,'哪一种氨基酸，可间接的为氨基（Amino group）储存池，循环全身借以合成非必需氨基酸(   )',1,26,2),
(101,'影响钙吸收的因素是(   )',1,27,2),
(102,'下列哪种食品中亚硝基类化合物污染最重  (   )',1,28,2),
(103,'一儿童出现眼睛干涩、上皮干燥、增生，生长发育迟缓。最有可能缺乏的是(   )',1,29,2),
(104,'下列哪些食品老年人不宜多食，以免引起高胆固醇血症(   )',1,30,2),
(105,'大豆中的蛋白质含量为35%～40%，是植物性食物中蛋白质含量的。(   )',1,31,2),
(106,'患(   )缺乏的已发育成熟的成人会出现阳痿、性欲减退等表现。',1,32,2),
(107,'对指导肝、肾病人膳食有重要意义的食物蛋白质质量评价指标是(   )',1,33,2),
(108,'下列属于必需脂肪酸的是(   )',1,34,2),
(109,'下列属于肠外营养制剂的是(   )',1,35,2),
(110,'摄入过多容易引起血清甘油三酯含量升高的是(   )',1,36,2),
(111,'学龄前儿童膳食蛋白质中来源于动物性的蛋白质应占(   )',1,37,2),
(112,'某集体食堂100多人一同进餐，同吃了一个猪肉菜的60多人在进餐后数小时至3天内陆续出现呕吐、腹痛、腹泻、大便为黄绿色水样便，有的带有脓血或黏液，多数病人有发热现象，有的体温达39℃以上，严重的出现抽搐、惊厥，你认为该食物中毒的病原可能为(   )',1,38,2),
(113,'海产食品含有丰富的(   )',1,39,2),
(114,'下列何种矿物质元素的需要量较低(   )',1,40,2),
(115,'哪一种氨基酸，可合成头发及皮肤的黑色素(   )',1,41,2),
(116,'(   )有抑制化学物致癌的作用，有增强巨噬细胞功能及预防白内障发生的作用',1,42,2),
(117,'(   )由多种自然食物经粉碎加工后，混合配制成流质状态的营养液。其适应症：凡胃肠道具有消化、吸收功能，但受疾病或治疗限制不能经口饮食、或经口饮食有困难的患者',1,43,2),
(118,'谷粒中含B族维生素较多的部位是(   )',1,44,2),
(119,'导致老年人皮肤合成维生素D功能下降的主要原因是(   )',1,45,2),
(120,'关于烹调对食物营养价值影响描述正确的是(   )',1,46,2),
(121,'JECFA建议将食品添加剂分为四类管理，其中A2类是指(   )',1,47,2),
(122,'下列杀菌技术中心属于热杀菌技术的是(   )',1,48,2),
(123,'下列可影响畜肉后熟的因素为(   )',1,49,2),
(124,'一行五人相聚为一朋友庆祝生日，他们吃了生日蛋糕后几小时内相继恶心，剧烈而频繁的呕吐，呕吐物为胃内容物、胆汁、黏液或血，上腹部剧烈疼痛，同时有腹泻，呈水样便，体温正常。该食物中毒可能为(   )',1,50,2),
(125,'蔗糖摄入过多的危害主要是(   )',1,51,2),
(126,'食用油脂在烹调中的作用，哪一项描述不正确(   )',1,52,2),
(127,'亚油酸是(   )',1,53,2),
(128,'消瘦症（Marasmus）是饮食中缺乏(   )',1,54,2),
(129,'除硫以外，胰岛素中尚有何矿物质(   )',1,55,2),
(130,'PBI是指何矿物质与蛋白质结合(   )',1,56,2),
(131,'重金属中无机汞吸收率低于甲基汞的吸收率，它们分别为(   )',1,57,2),
(132,'下列何种氨基酸可转变成胱氨酸(   )',1,58,2),
(133,'在米的淘洗过程中，主要损失的营养是(   )',1,59,2),
(134,'脂餐膳食是检查(   )的膳食',1,60,2),
(135,'一个60Kg体重的健康成人，其每天要的热能大约是(   )',1,61,2),
(136,'下面关于基础代谢的问题，哪一个说法正确(   )',1,62,2),
(137,'临床营养第二次革命的主要精神和内容是指(   )',1,63,2),
(138,'产褥期膳食在富含优质蛋白质的基础上，还要适量补充(   )',1,64,2),
(139,'下列哪项不是何首乌的主要功效(   )',1,65,2),
(140,'黄曲霉毒素污染最重的食品是(   )',1,66,2),
(141,'葡萄球菌肠毒素中毒典型的症状是 (   )',1,67,2),
(142,'有害金属镉主要蓄积的部位是(   )',1,68,2),
(143,'下列哪种营养素可阻断体内亚硝胺的合成 (   )',1,69,2),
(144,'老张年50岁，体重60公斤，喝了一瓶重600克含5%酒精成分的啤酒，老张欲代谢此酒精所需之时间为(   )',1,70,2),
(145,'下列那一种糖不具有还原性(   )',1,71,2),
(146,'卵磷脂里面含有的矿物质为(   )',1,72,2),
(147,'消耗高量的米易缺乏的营养素有(   )',1,73,2),
(148,'各类食物的血糖指数一般是粗粮的(   )细粮，复合碳水化合物(   )精制糖',1,74,2),
(154,'中国人容易缺乏的营养素包括(   )',2,1,1),
(155,'大豆营养价值高是因为(   )',2,2,1),
(156,'食物中毒的处理包括(   )',2,3,1),
(157,'接触化学毒物人员的膳食营养原则(   )',2,4,1),
(158,'可以开始给婴儿添加辅食的情形有(   )',2,5,1),
(159,'调节酸碱平衡有关的矿物质包括(   )',2,6,1),
(160,'锌的主要食物来源是(   )',2,7,1),
(161,'以下哪些住院病人易出现蛋白质-能量营养不良(   )',2,8,1),
(162,'膳食纤维在糖尿病的饮食治疗中所起的作用(   )',2,9,1),
(163,'要素膳不含纤维素和难以消化的杂志，对肠道无刺激，适用于胃肠道手术患者和胃肠道功能不良的病人，具有以下哪些优点(   )',2,10,1),
(164,'DRIs包括营养水平的指标是(   )',2,11,1),
(165,'下列关于植物雌激素说法正确的是(   )',2,12,1),
(166,'青少年的合理膳食原则是(   )',2,13,1),
(167,'预防癌症的膳食行为包括(   )',2,14,1),
(168,'评价油脂酸败常用的卫生学指标有(   )',2,15,1),
(169,'中国居民容易缺乏的营养素包括(   )',2,16,1),
(170,'常用做营养监测的健康指标包括(   )',2,17,1),
(171,'脂餐膳食是用于诊断(   )',2,18,1),
(172,'下列哪些是正确阐述GI的是(   )',2,19,1),
(173,'预防骨质疏松症的主要措施有(   )',2,20,1),
(174,'维生素缺乏的主要原因是(   )',2,1,2),
(175,'大豆中的抗营养因子主要有(   )',2,2,2),
(176,'关于乳母期的营养需要，正确的叙述为(   )',2,3,2),
(177,'老年期主要的生理变化特点为(   )',2,4,2),
(178,'蔬菜水果与营养的关系包括(   )',2,5,2),
(179,'妊娠期妇女吸收增多的营养素有(   )',2,6,2),
(180,'肝性脑病不宜食用下列哪几种食物(   )',2,7,2),
(181,'孕早期的膳食要点有(   )',2,8,2),
(182,'下列属于细菌性食物中毒的流行病学特点的是(   )',2,9,2),
(183,'在烹调加工过程中比较稳定的维生素有(   )',2,10,2),
(184,'可以引起味觉减退可能是由于缺乏 (   )',2,11,2),
(185,'有毒动植物中毒包括(   )',2,12,2),
(186,'核黄素良好的食物来源包括(   )',2,13,2),
(187,'毒蕈中毒按临床表现可分为哪几型(   )',2,14,2),
(188,'反映油脂酸败的常用指标是 (   )',2,15,2),
(189,'某高脂血症患者，长期喜吃油腻食物，最影响其中心信念树立的因素有(   )',2,16,2),
(190,'标准体重就是在人群中经过大量的调查研究得出的相同种族、性别、年龄、身高的人体体重正常值范围。标准体重对于糖尿病患者具有重要的意义(   )',2,17,2),
(191,'建立一个比较合理的膳食构成(   )',2,18,2),
(192,'结核病膳食应选择(   )',2,19,2),
(193,'下列属于食物中抗癌因素的是(   )',2,20,2),
(194,'简述食物中毒的分类',3,1,1),
(195,'简述糖尿病的危险因素',3,2,1),
(196,'简述细菌性食物中毒的预防措施',3,3,1),
(197,'简述预防骨质疏松症的主要措施',3,4,1),
(198,'简述个体健康风险评估报告的基本结构包括哪些内容',3,1,2),
(199,'简述碘缺乏病的表现',3,2,2),
(200,'简述食品强化的目的',3,3,2),
(201,'简述尿液用于营养评价的意义( )',3,4,2),
(202,'试述低胆固醇膳食的特点、适用对象、膳食原则以及食物选择',4,1,1),
(203,'试述世界癌症研究会1999年提出的预防癌症的14条膳食与保健建议的主要内容',4,2,1),
(204,'为了充分发挥蛋白质的互补作用，在调配膳食时，应该遵循哪些原则',4,1,2),
(205,'试从母乳组成及母亲和婴儿间的相互关系两方面扼要阐述母乳喂养的各种优点',4,2,2);

/*Table structure for table `cisn_question_type` */

CREATE TABLE `cisn_question_type` (
  `id` int(11) NOT NULL,
  `name` varchar(1000) COLLATE utf8_bin DEFAULT NULL,
  PRIMARY KEY (`id`)
) ENGINE=InnoDB DEFAULT CHARSET=utf8 COLLATE=utf8_bin;

/*Data for the table `cisn_question_type` */

insert  into `cisn_question_type`(`id`,`name`) values 
(1,'单选题'),
(2,'多选题'),
(3,'简答题'),
(4,'论述题');

/*Table structure for table `cisn_std_answer` */

CREATE TABLE `cisn_std_answer` (
  `id` int(11) NOT NULL AUTO_INCREMENT,
  `question_id` int(11) DEFAULT NULL,
  `answer_id` int(11) DEFAULT NULL,
  PRIMARY KEY (`id`)
) ENGINE=InnoDB AUTO_INCREMENT=456 DEFAULT CHARSET=utf8 COLLATE=utf8_bin;

/*Data for the table `cisn_std_answer` */

insert  into `cisn_std_answer`(`id`,`question_id`,`answer_id`) values 
(1,1,742),
(2,2,749),
(3,3,752),
(4,4,756),
(5,5,761),
(6,6,770),
(7,7,771),
(8,8,778),
(9,9,781),
(10,10,787),
(11,11,792),
(12,12,798),
(13,13,801),
(14,14,808),
(15,15,812),
(16,16,816),
(17,17,822),
(18,18,828),
(19,19,833),
(20,20,838),
(21,21,841),
(22,22,849),
(23,23,851),
(24,24,857),
(25,25,864),
(26,26,869),
(27,27,873),
(28,28,877),
(29,29,884),
(30,30,889),
(31,31,893),
(32,32,896),
(33,33,901),
(34,34,910),
(35,35,913),
(36,36,917),
(37,37,923),
(38,38,926),
(39,39,932),
(40,40,936),
(41,41,942),
(42,42,948),
(43,43,953),
(44,44,957),
(45,45,962),
(46,46,968),
(47,47,972),
(48,48,978),
(49,49,982),
(50,50,989),
(51,51,993),
(52,52,996),
(53,53,1003),
(54,54,1009),
(55,55,1011),
(56,56,1016),
(57,57,1023),
(58,58,1028),
(59,59,1035),
(60,60,1037),
(61,61,1041),
(62,62,1049),
(63,63,1054),
(64,64,1056),
(65,65,1063),
(66,66,1069),
(67,67,1072),
(68,68,1078),
(69,69,1081),
(70,70,1086),
(71,71,1091),
(72,72,1097),
(73,73,1104),
(74,74,1106),
(75,75,1112),
(76,76,1119),
(77,77,1123),
(78,78,1128),
(79,79,1132),
(80,80,1137),
(81,81,1143),
(82,82,1147),
(83,83,1152),
(84,84,1156),
(85,85,1162),
(86,86,1168),
(87,87,1171),
(88,88,1178),
(89,89,1182),
(90,90,1186),
(91,91,1191),
(92,92,1197),
(93,93,1203),
(94,94,1208),
(95,95,1214),
(96,96,1219),
(97,97,1224),
(98,98,1227),
(99,99,1232),
(100,100,1239),
(101,101,1242),
(102,102,1249),
(103,103,1251),
(104,104,1256),
(105,105,1263),
(106,106,1267),
(107,107,1272),
(108,108,1280),
(109,109,1283),
(110,110,1287),
(111,111,1293),
(112,112,1298),
(113,113,1303),
(114,114,1308),
(115,115,1313),
(116,116,1318),
(117,117,1322),
(118,118,1327),
(119,119,1334),
(120,120,1338),
(121,121,1345),
(122,122,1349),
(123,123,1352),
(124,124,1356),
(125,125,1364),
(126,126,1369),
(127,127,1371),
(128,128,1379),
(129,129,1381),
(130,130,1388),
(131,131,1393),
(132,132,1398),
(133,133,1401),
(134,134,1408),
(135,135,1414),
(136,136,1419),
(137,137,1424),
(138,138,1430),
(139,139,1433),
(140,140,1438),
(141,141,1441),
(142,142,1447),
(143,143,1454),
(144,144,1457),
(145,145,1464),
(146,146,1467),
(147,147,1474),
(148,148,1479),
(256,174,1580),
(257,174,1583),
(261,175,1585),
(262,175,1586),
(263,175,1587),
(264,175,1589),
(266,176,1590),
(267,176,1591),
(268,176,1594),
(271,177,1595),
(272,177,1596),
(273,177,1597),
(274,177,1599),
(276,178,1600),
(277,178,1601),
(278,178,1602),
(279,178,1603),
(281,179,1606),
(282,179,1607),
(283,179,1608),
(284,179,1609),
(286,180,1611),
(287,180,1613),
(288,180,1614),
(291,181,1615),
(292,181,1617),
(293,181,1618),
(294,181,1619),
(296,182,1620),
(297,182,1621),
(298,182,1624),
(301,183,1625),
(302,183,1626),
(303,183,1627),
(306,184,1630),
(307,184,1634),
(311,185,1635),
(312,185,1636),
(316,186,1640),
(317,186,1642),
(318,186,1643),
(321,187,1645),
(322,187,1647),
(323,187,1648),
(324,187,1649),
(326,188,1650),
(327,188,1653),
(328,188,1654),
(331,189,1655),
(332,189,1656),
(333,189,1657),
(334,189,1658),
(335,189,1659),
(336,190,1660),
(337,190,1661),
(338,190,1662),
(341,191,1665),
(342,191,1666),
(343,191,1667),
(344,191,1668),
(345,191,1669),
(346,192,1670),
(347,192,1671),
(348,192,1674),
(351,193,1675),
(352,193,1677),
(353,193,1678),
(356,154,1480),
(357,154,1481),
(358,154,1482),
(361,155,1485),
(362,155,1486),
(363,155,1487),
(366,156,1490),
(367,156,1491),
(368,156,1492),
(369,156,1493),
(371,157,1495),
(372,157,1496),
(373,157,1497),
(374,157,1498),
(376,158,1501),
(377,158,1502),
(378,158,1503),
(381,159,1505),
(382,159,1506),
(383,159,1507),
(386,160,1510),
(387,160,1512),
(388,160,1513),
(391,161,1515),
(392,161,1516),
(393,161,1517),
(394,161,1518),
(395,161,1519),
(396,162,1521),
(397,162,1522),
(398,162,1524),
(401,163,1525),
(402,163,1526),
(403,163,1527),
(404,163,1528),
(405,163,1529),
(406,164,1530),
(407,164,1532),
(408,164,1533),
(409,164,1534),
(411,165,1535),
(412,165,1536),
(416,166,1540),
(417,166,1541),
(418,166,1542),
(421,167,1547),
(422,167,1548),
(423,167,1549),
(426,168,1550),
(427,168,1551),
(428,168,1552),
(429,168,1553),
(431,169,1555),
(432,169,1556),
(433,169,1559),
(436,170,1561),
(437,170,1562),
(438,170,1563),
(441,171,1565),
(442,171,1569),
(446,172,1571),
(447,172,1572),
(448,172,1573),
(451,173,1575),
(452,173,1576),
(453,173,1577),
(454,173,1578),
(455,173,1579);

/*Table structure for table `cisn_test` */

CREATE TABLE `cisn_test` (
  `id` int(11) NOT NULL AUTO_INCREMENT,
  `tester` varchar(500) COLLATE utf8_bin DEFAULT NULL,
  `test_time` datetime DEFAULT NULL,
  `paper_id` int(11) DEFAULT NULL,
  `submit_time` datetime DEFAULT NULL,
  PRIMARY KEY (`id`)
) ENGINE=InnoDB AUTO_INCREMENT=21 DEFAULT CHARSET=utf8 COLLATE=utf8_bin;

/*Data for the table `cisn_test` */

insert  into `cisn_test`(`id`,`tester`,`test_time`,`paper_id`,`submit_time`) values 
(1,'aa','2018-12-03 17:06:17',1,NULL),
(2,'aa','2018-12-03 17:40:09',1,NULL),
(3,'aa','2018-12-03 17:40:12',1,NULL),
(4,'aa','2018-12-03 17:41:43',1,NULL),
(5,'啊啊','2018-12-03 17:42:38',1,NULL),
(6,'aa','2018-12-03 17:45:20',1,NULL),
(7,'aa','2018-12-03 17:45:33',1,NULL),
(8,'aa','2018-12-03 17:45:51',1,NULL),
(9,'aa','2018-12-03 17:47:18',1,NULL),
(10,'aa','2018-12-03 17:49:36',1,NULL),
(11,'aa','2018-12-03 17:50:56',1,NULL),
(12,'啊啊','2018-12-03 17:51:38',1,NULL),
(13,'杨莉莉','2018-12-03 17:53:58',0,NULL),
(14,NULL,'2018-12-03 17:54:57',NULL,NULL),
(15,'杨莉莉','2018-12-03 18:23:21',1,NULL),
(16,'aa','2018-12-04 10:59:33',1,NULL),
(17,'aa','2018-12-04 11:01:32',1,NULL),
(18,'aa','2018-12-04 11:09:34',1,NULL),
(19,'aa','2018-12-04 11:13:12',1,NULL),
(20,'aa','2018-12-04 11:15:25',1,NULL);

/*Table structure for table `cisn_test_answer` */

CREATE TABLE `cisn_test_answer` (
  `id` int(11) NOT NULL AUTO_INCREMENT,
  `test_id` int(11) DEFAULT NULL,
  `question_id` int(11) DEFAULT NULL,
  `answer_id` int(11) DEFAULT NULL,
  `content` varchar(3000) COLLATE utf8_bin DEFAULT NULL,
  PRIMARY KEY (`id`)
) ENGINE=InnoDB DEFAULT CHARSET=utf8 COLLATE=utf8_bin;

/*Data for the table `cisn_test_answer` */

/* Procedure structure for procedure `p_create` */

DELIMITER $$

/*!50003 CREATE DEFINER=`root`@`%` PROCEDURE `p_create`()
BEGIN
	DECLARE v_cnt,v_id INT DEFAULT 0;
		
		set v_cnt = 255;
		
		loop_label:LOOP
  
  SET v_cnt=v_cnt+1;
	SELECT ca.id into v_id FROM cisn_answer ca,cisn_std_answer sa 
	WHERE ca.question_id = sa.question_id AND ca.orders = sa.answer_id AND sa.id = v_cnt;
	update cisn_std_answer set answer_id = v_id where id = v_cnt and id>200;
  IF v_cnt<455 THEN
	ITERATE loop_label;
  ELSE
	LEAVE loop_label;
  END IF;
  END LOOP;
	END */$$
DELIMITER ;

/*!40101 SET SQL_MODE=@OLD_SQL_MODE */;
/*!40014 SET UNIQUE_CHECKS=@OLD_UNIQUE_CHECKS */;
/*!40111 SET SQL_NOTES=@OLD_SQL_NOTES */;
